matchID,time,winner,champion,lane,role,kills,deaths,assists,minionsKilled,goldEarned,wardsPlaced
1565320002,1412211234748,True,126,MIDDLE,SOLO,8,4,8,244,14664,5
1565346641,1412214476160,True,126,MIDDLE,DUO_CARRY,7,0,5,172,10172,4
1565523380,1412219137060,True,238,MIDDLE,SOLO,12,2,9,173,11602,3
1565889560,1412261239565,True,126,MIDDLE,SOLO,8,3,8,173,12958,8
1566004141,1412265053185,True,68,TOP,SOLO,7,3,1,183,9425,7
1566062343,1412271162951,False,126,MIDDLE,SOLO,3,13,4,154,9059,5
1566127279,1412277973253,True,126,MIDDLE,SOLO,10,5,10,272,17706,6
1566232616,1412282894809,False,103,MIDDLE,SOLO,6,6,4,232,11274,6
1566280062,1412285663870,True,126,MIDDLE,SOLO,3,0,0,85,4965,1
1566287730,1412288604776,True,105,MIDDLE,SOLO,7,0,0,168,9032,2
1566355389,1412291119951,False,103,MIDDLE,SOLO,7,3,3,184,9489,8
1566400614,1412292950059,True,13,TOP,SOLO,3,2,7,171,9857,7
1566452052,1412296358357,True,254,JUNGLE,NONE,5,7,12,31,10764,6
1566526593,1412301514847,True,105,MIDDLE,SOLO,13,8,9,239,15412,3
1567078266,1412346649113,True,4,MIDDLE,SOLO,4,1,21,185,13600,11
1562775426,1412038530912,True,126,MIDDLE,SOLO,16,6,8,230,17271,4
1562859006,1412042100544,True,103,MIDDLE,SOLO,6,2,11,246,13793,6
1563027314,1412048792183,False,126,MIDDLE,SOLO,8,7,13,217,16324,4
1563250577,1412057908152,False,4,MIDDLE,SOLO,12,7,9,232,15770,4
1563644271,1412102026354,True,105,JUNGLE,NONE,16,2,2,187,13169,5
1563733135,1412107869950,False,55,MIDDLE,SOLO,3,7,8,155,9327,6
1563782441,1412111336308,True,238,MIDDLE,SOLO,9,1,7,242,15026,6
1563809411,1412114997067,False,126,MIDDLE,SOLO,11,9,13,270,17490,3
1563919827,1412118451175,False,55,MIDDLE,SOLO,3,5,2,190,8191,4
1564531035,1412147405121,False,121,JUNGLE,NONE,10,4,4,40,10484,6
1564879725,1412189412549,True,103,MIDDLE,SOLO,10,3,10,190,13389,3
1565031401,1412196710667,True,157,MIDDLE,SOLO,13,2,4,211,13463,6
1565080588,1412200162600,True,126,MIDDLE,SOLO,11,5,5,202,14749,6
1565099489,1412203297229,False,105,MIDDLE,SOLO,5,9,3,154,9183,3
1565191068,1412206769081,True,238,MIDDLE,SOLO,8,2,10,192,12249,6
1557486487,1411707682407,True,103,MIDDLE,SOLO,9,4,14,278,18108,6
1557973535,1411755231112,True,103,MIDDLE,SOLO,7,4,6,211,12385,6
1558021033,1411758742872,False,55,MIDDLE,SOLO,4,5,4,290,12376,7
1559338889,1411839151702,True,103,MIDDLE,SOLO,5,6,11,225,12569,4
1559886963,1411860696826,True,105,MIDDLE,SOLO,7,8,11,147,12463,2
1559967168,1411865058389,True,126,MIDDLE,SOLO,11,5,6,143,12256,5
1560135739,1411872036481,True,126,MIDDLE,SOLO,12,4,8,164,13945,4
1560272076,1411876902921,True,126,MIDDLE,SOLO,8,4,3,198,12692,6
1560347413,1411880249460,False,92,JUNGLE,NONE,13,12,10,49,14117,2
1562401486,1412014417981,True,61,MIDDLE,SOLO,3,4,7,208,11285,7
1562417310,1412019087453,True,126,MIDDLE,SOLO,6,3,9,165,11388,4
1562495411,1412022535709,True,127,MIDDLE,SOLO,9,1,6,165,10010,5
1562538572,1412027022967,False,103,MIDDLE,SOLO,27,6,13,305,23016,6
1562608228,1412031689976,False,55,MIDDLE,SOLO,13,9,13,260,16873,16
1562733613,1412035659980,False,61,MIDDLE,SOLO,0,3,0,190,7137,4
1526891874,1409936870628,True,238,MIDDLE,SOLO,10,3,6,257,15571,4
1527321483,1409952757915,True,103,MIDDLE,SOLO,7,5,9,222,13586,6
1527788951,1409969840702,False,105,MIDDLE,SOLO,15,7,5,261,15943,3
1531172765,1410109425032,False,84,TOP,SOLO,16,3,2,223,13909,9
1539410708,1410626963559,False,103,MIDDLE,SOLO,5,5,5,219,10790,5
1551345731,1411330663301,False,91,MIDDLE,SOLO,10,11,6,216,13060,6
1551474411,1411335444661,True,127,MIDDLE,SOLO,11,0,11,253,15892,9
1553481236,1411448623960,True,91,MIDDLE,SOLO,12,6,12,261,18114,6
1553530992,1411452962179,False,91,MIDDLE,SOLO,11,12,3,245,14795,4
1553905140,1411496990106,False,91,MIDDLE,SOLO,10,9,19,331,18194,6
1553991897,1411500696185,False,105,MIDDLE,SOLO,11,8,11,210,15341,1
1554315654,1411514047037,True,91,MIDDLE,SOLO,5,5,10,262,14720,7
1554378884,1411517966308,False,26,MIDDLE,SOLO,4,8,11,156,9580,5
1554540791,1411521400771,False,238,MIDDLE,SOLO,5,8,2,211,10740,5
1556746944,1411669699189,False,238,MIDDLE,SOLO,13,7,5,189,12990,5
1517554868,1409553896112,True,91,MIDDLE,SOLO,24,8,8,271,20796,5
1519528433,1409623243155,False,103,MIDDLE,SOLO,13,10,15,316,21153,6
1519624306,1409627132969,True,134,MIDDLE,DUO_CARRY,3,7,7,198,13432,5
1520591616,1409681456102,False,238,MIDDLE,SOLO,5,12,6,168,8858,6
1520596862,1409684382647,True,238,MIDDLE,SOLO,25,9,6,185,19186,5
1520827720,1409695204259,True,91,MIDDLE,SOLO,9,7,10,202,14702,7
1520999770,1409698746463,True,103,MIDDLE,SOLO,5,3,13,209,12714,4
1521111402,1409701930266,True,4,MIDDLE,SOLO,17,3,10,276,19256,5
1522635079,1409766139624,True,105,MIDDLE,SOLO,12,1,6,166,12164,2
1523210840,1409784246437,True,104,BOTTOM,DUO_CARRY,8,2,8,202,13784,0
1523885375,1409806758174,True,103,MIDDLE,SOLO,9,3,9,168,11770,4
1523944407,1409809944568,True,91,MIDDLE,DUO_CARRY,6,7,7,213,12594,4
1525015887,1409865832153,True,238,MIDDLE,SOLO,10,6,10,203,12212,3
1525386844,1409877331290,True,103,MIDDLE,SOLO,9,8,11,149,10827,2
1525870868,1409892235905,True,91,MIDDLE,SOLO,9,0,3,180,10656,1
1511912116,1409202973515,False,101,MIDDLE,SOLO,11,7,11,225,14361,5
1512110777,1409239753684,True,157,MIDDLE,SOLO,9,6,10,179,13951,5
1512196983,1409253895408,True,157,MIDDLE,SOLO,6,0,3,201,9738,4
1512242314,1409256673664,True,238,MIDDLE,SOLO,9,7,9,321,18017,8
1512807989,1409283720722,True,103,MIDDLE,SOLO,7,1,5,153,9063,5
1512862585,1409286606066,False,39,TOP,SOLO,6,6,5,257,13849,13
1512912533,1409290747272,True,61,MIDDLE,SOLO,7,1,6,233,13814,8
1514278643,1409377180822,True,64,JUNGLE,NONE,4,3,23,28,11997,21
1514547624,1409411424774,False,61,MIDDLE,SOLO,4,7,3,241,12231,9
1514770032,1409416138571,False,134,MIDDLE,SOLO,9,8,4,237,13327,8
1516815986,1409535350420,False,91,MIDDLE,SOLO,5,8,3,152,8937,3
1517140081,1409542594356,True,61,MIDDLE,SOLO,4,0,5,173,9584,7
1517178183,1409545479316,True,105,MIDDLE,SOLO,10,2,8,122,9636,0
1517226100,1409547110936,True,61,MIDDLE,SOLO,16,5,13,219,17202,7
1517268055,1409549908181,True,26,MIDDLE,SOLO,11,9,18,191,16342,5
1508180901,1408950506761,True,238,MIDDLE,SOLO,9,1,3,144,9953,5
1508494614,1408992224165,False,4,MIDDLE,SOLO,13,10,7,226,15216,6
1508544250,1408994831825,True,134,MIDDLE,SOLO,7,8,13,156,12496,3
1508721853,1409005195032,True,105,MIDDLE,SOLO,16,7,15,176,15911,1
1508843018,1409009018099,True,238,MIDDLE,SOLO,10,4,1,156,9689,4
1508876140,1409011550770,True,134,MIDDLE,SOLO,10,2,7,122,10248,2
1508926646,1409014213245,False,64,JUNGLE,NONE,3,4,6,23,7039,12
1508958745,1409016194547,True,26,MIDDLE,SOLO,11,1,10,144,11267,5
1509009363,1409018809727,False,127,MIDDLE,SOLO,13,8,12,301,16644,6
1509111516,1409021459277,False,55,MIDDLE,SOLO,13,12,14,171,13981,12
1509331257,1409033496282,False,61,MIDDLE,SOLO,6,8,4,232,12772,5
1510514613,1409114372094,True,127,MIDDLE,DUO_CARRY,6,1,3,185,10588,4
1510543430,1409116692939,True,238,MIDDLE,SOLO,10,0,0,186,10283,10
1510600726,1409119558988,True,157,MIDDLE,SOLO,9,4,11,236,14205,5
1510625721,1409121895038,False,91,MIDDLE,SOLO,9,11,12,252,15728,4
1504476853,1408732886203,False,61,MIDDLE,SOLO,8,6,5,212,12216,4
1504612279,1408740848247,False,238,MIDDLE,SOLO,1,4,0,85,3865,63
1504936105,1408756344839,True,4,MIDDLE,SOLO,7,4,9,292,17298,7
1504997805,1408759261064,True,127,MIDDLE,SOLO,5,7,13,193,12177,2
1505240568,1408767883728,True,91,MIDDLE,SOLO,3,3,3,109,6902,2
1505948284,1408824174165,False,238,MIDDLE,SOLO,5,7,4,177,9471,4
1507395066,1408912554755,False,4,MIDDLE,SOLO,7,5,9,213,13100,4
1507436978,1408916087314,True,238,MIDDLE,SOLO,11,8,10,263,16354,5
1507682007,1408926858835,False,61,MIDDLE,SOLO,7,4,6,278,14422,6
1507756107,1408930705482,True,91,MIDDLE,SOLO,8,0,7,240,13204,8
1507868111,1408936564814,True,105,MIDDLE,SOLO,3,5,6,130,8427,1
1507904997,1408938461723,False,13,MIDDLE,SOLO,2,12,10,143,11103,6
1507987718,1408942112598,True,26,MIDDLE,SOLO,9,6,14,186,14871,5
1508075738,1408944979098,True,134,MIDDLE,SOLO,11,4,6,195,13074,9
1508160795,1408948285780,True,4,MIDDLE,SOLO,3,1,7,139,9559,5
1502153571,1408566559445,True,105,MIDDLE,SOLO,7,2,3,171,9372,5
1502168016,1408568606303,True,26,MIDDLE,SOLO,8,3,13,180,12400,8
1502773621,1408594761749,False,91,MIDDLE,SOLO,6,9,5,214,11135,4
1502924111,1408611137314,True,4,MIDDLE,SOLO,8,7,9,253,16296,8
1503368485,1408653573463,False,157,MIDDLE,SOLO,6,7,3,233,11486,5
1503462010,1408656181341,False,103,MIDDLE,SOLO,8,7,8,207,11604,5
1503498431,1408659352931,True,238,MIDDLE,SOLO,22,0,6,194,15569,15
1503555982,1408661521924,False,91,MIDDLE,SOLO,11,7,6,230,13900,4
1503589676,1408664797281,True,26,MIDDLE,SOLO,4,1,8,147,8632,2
1503646431,1408667919527,True,4,MIDDLE,SOLO,6,1,12,216,13596,6
1503699508,1408671557824,False,412,BOTTOM,DUO_SUPPORT,1,7,6,13,4553,30
1503903794,1408679766578,False,26,MIDDLE,SOLO,12,6,17,279,18941,5
1503939105,1408682789550,False,238,MIDDLE,SOLO,9,11,6,185,11342,0
1504398326,1408726179686,True,157,MIDDLE,SOLO,8,4,11,379,20054,7
1504437987,1408729579128,True,4,MIDDLE,SOLO,5,8,10,259,15678,6
1494387703,1408065990652,False,4,MIDDLE,SOLO,3,2,1,150,7794,4
1494583868,1408076038056,False,157,MIDDLE,DUO_CARRY,12,9,3,218,13513,3
1500342430,1408429345076,False,157,MIDDLE,SOLO,3,2,1,97,5294,3
1500383536,1408431569091,True,103,MIDDLE,SOLO,14,5,5,213,15400,6
1500433515,1408434619570,False,131,MIDDLE,SOLO,6,8,3,306,15551,5
1500899641,1408483458887,True,105,MIDDLE,SOLO,10,1,5,148,10092,3
1500949373,1408486203448,True,267,BOTTOM,DUO_SUPPORT,4,6,17,20,11601,22
1501019531,1408488804894,True,238,MIDDLE,SOLO,13,10,6,204,14877,5
1501158062,1408491955830,False,105,MIDDLE,DUO_CARRY,6,8,2,147,8416,3
1501436324,1408509112783,True,91,MIDDLE,SOLO,11,5,4,226,13620,6
1501492553,1408511379975,False,103,MIDDLE,SOLO,18,13,8,283,19091,9
1501525142,1408514683319,True,4,MIDDLE,SOLO,10,5,12,214,14949,5
1501584264,1408518150245,True,26,MIDDLE,SOLO,4,3,4,146,7997,3
1502084282,1408561550196,False,157,MIDDLE,SOLO,2,3,2,114,5418,4
1502119995,1408563848492,True,238,MIDDLE,SOLO,10,10,9,229,15329,7
1491024382,1407872832639,True,238,MIDDLE,SOLO,13,5,8,191,13921,26
1491131954,1407877321270,True,4,MIDDLE,SOLO,4,3,7,201,10750,6
1491180086,1407879620350,False,117,MIDDLE,SOLO,2,4,11,222,10680,5
1491261045,1407883116670,True,238,MIDDLE,SOLO,9,1,6,177,10389,11
1491292772,1407885931481,False,134,MIDDLE,DUO_CARRY,9,11,7,234,13733,6
1491333591,1407888720496,False,38,MIDDLE,SOLO,10,7,13,207,13946,6
1491807044,1407911489702,True,238,MIDDLE,SOLO,11,4,12,421,24104,43
1491904963,1407916500125,False,103,MIDDLE,SOLO,5,4,1,175,8598,3
1492543370,1407965822418,True,238,MIDDLE,SOLO,6,0,3,119,7658,3
1492576147,1407968411924,True,105,MIDDLE,SOLO,10,0,4,161,10389,5
1492604204,1407970732101,False,4,MIDDLE,SOLO,6,10,7,269,14972,8
1492735606,1407976272123,False,105,MIDDLE,DUO_CARRY,5,6,3,225,11399,1
1492837410,1407980293923,False,238,MIDDLE,SOLO,15,5,11,385,20409,7
1494159678,1408059318006,False,92,MIDDLE,SOLO,9,8,3,229,12708,2
1494330027,1408062304770,True,238,MIDDLE,SOLO,18,6,3,216,15557,8
1476245359,1406866072677,False,134,MIDDLE,SOLO,4,10,8,225,12407,3
1477320362,1406949825090,True,18,BOTTOM,DUO_CARRY,6,1,8,193,12000,5
1478706402,1407039971539,False,157,MIDDLE,SOLO,4,6,2,105,8479,6
1479960878,1407123126820,False,105,MIDDLE,SOLO,15,11,5,233,15970,5
1480111511,1407127230569,True,238,MIDDLE,SOLO,21,3,7,216,17033,24
1484922185,1407459098158,False,4,MIDDLE,SOLO,8,7,11,278,15582,5
1485841269,1407528100811,False,61,MIDDLE,SOLO,9,10,13,243,14837,5
1485936547,1407536517357,True,4,MIDDLE,SOLO,13,2,12,283,18008,2
1486011050,1407539567229,True,157,MIDDLE,SOLO,13,3,5,269,15895,17
1486083491,1407542673810,False,238,MIDDLE,SOLO,2,5,9,187,10017,17
1489534224,1407774390781,False,157,MIDDLE,SOLO,14,7,1,200,12970,6
1489545215,1407776648355,True,412,BOTTOM,DUO_SUPPORT,6,6,25,9,12352,21
1489598024,1407779612924,False,61,MIDDLE,SOLO,6,12,9,169,11876,3
1490885275,1407866914773,True,157,MIDDLE,SOLO,12,3,6,258,16082,13
1490962392,1407870148304,True,61,MIDDLE,SOLO,6,4,9,299,15912,5
1469562621,1406418291064,False,134,MIDDLE,SOLO,6,3,7,276,13562,15
1469602468,1406421063540,True,115,MIDDLE,SOLO,6,3,9,276,14608,4
1469750422,1406424603080,False,238,MIDDLE,SOLO,4,6,3,128,6984,16
1469950915,1406427680780,False,18,BOTTOM,DUO_CARRY,8,12,11,288,14912,5
1469992078,1406430768185,True,4,MIDDLE,SOLO,14,3,9,213,16260,4
1470105738,1406438592571,False,67,BOTTOM,DUO_CARRY,2,8,4,168,7755,3
1470146948,1406441513928,False,61,MIDDLE,SOLO,6,3,2,205,10312,4
1471376052,1406532419669,True,13,MIDDLE,SOLO,15,8,12,220,18101,7
1475184625,1406781284498,False,115,MIDDLE,SOLO,4,7,10,210,11437,6
1475243808,1406784459992,True,127,MIDDLE,SOLO,13,12,22,248,20070,6
1475303929,1406788631959,True,238,MIDDLE,SOLO,8,6,6,149,9995,20
1475635435,1406840580897,True,18,BOTTOM,DUO_CARRY,2,4,9,300,15975,6
1475851592,1406845062113,False,117,MIDDLE,SOLO,2,5,1,197,8444,6
1476175433,1406861211922,False,4,MIDDLE,SOLO,0,2,0,79,3613,2
1476189613,1406863365560,False,4,MIDDLE,SOLO,4,5,5,249,12771,3
1453467566,1405316576922,True,238,MIDDLE,SOLO,9,6,5,282,15148,30
1453774223,1405359427712,True,4,MIDDLE,SOLO,16,1,18,210,16807,6
1453827166,1405363530684,True,105,MIDDLE,SOLO,8,1,3,126,8814,6
1454060015,1405369164874,False,134,MIDDLE,SOLO,1,4,1,174,7356,3
1455847877,1405484452106,True,61,MIDDLE,SOLO,5,1,6,193,10576,6
1455913162,1405487776201,False,103,MIDDLE,SOLO,5,8,6,230,12379,4
1463363472,1405995282857,False,61,MIDDLE,SOLO,7,4,2,203,11711,5
1463681524,1406002458592,True,134,MIDDLE,SOLO,15,6,4,253,17213,10
1463773340,1406005967347,False,61,MIDDLE,SOLO,4,5,4,209,10571,4
1463813128,1406009363013,True,55,MIDDLE,SOLO,15,4,8,191,13677,3
1465191143,1406098879374,False,134,MIDDLE,SOLO,7,5,9,299,15077,6
1467962176,1406311527568,True,59,JUNGLE,NONE,8,4,22,51,15122,31
1468444625,1406333282846,False,81,BOTTOM,DUO,2,10,2,290,11754,3
1468498278,1406336817056,False,81,BOTTOM,DUO_CARRY,10,11,6,244,15163,5
1468813368,1406355908269,False,4,MIDDLE,SOLO,9,6,8,285,15386,2
1450699790,1405123490796,True,4,MIDDLE,SOLO,9,0,9,302,16579,8
1450751926,1405125794573,True,61,MIDDLE,SOLO,19,1,9,222,15867,6
1450832595,1405129208969,False,76,TOP,SOLO,3,5,2,234,10780,5
1451001678,1405138334720,False,236,BOTTOM,DUO_CARRY,7,7,4,232,12367,6
1451028726,1405141171163,True,105,MIDDLE,SOLO,13,5,9,226,16190,9
1451578496,1405190901193,False,105,MIDDLE,SOLO,18,8,5,247,17144,4
1451870430,1405208725746,False,134,MIDDLE,SOLO,13,6,3,270,15237,10
1451902147,1405212199150,False,134,MIDDLE,SOLO,7,4,3,153,8795,4
1451940496,1405214988104,True,134,MIDDLE,SOLO,19,1,4,256,16284,6
1451969116,1405217962123,True,105,MIDDLE,SOLO,18,5,6,196,16150,8
1452031283,1405220976059,True,238,MIDDLE,SOLO,8,1,6,200,11611,18
1452056236,1405223111309,True,105,MIDDLE,SOLO,8,3,3,261,14495,8
1452137504,1405229565433,True,134,MIDDLE,SOLO,13,4,5,204,14134,8
1452225608,1405232479619,False,238,MIDDLE,SOLO,5,4,0,123,6714,15
1453399700,1405313241278,True,238,MIDDLE,SOLO,11,6,5,231,14439,20
1446384241,1404803382591,False,61,MIDDLE,SOLO,3,6,9,193,9352,0
1447143051,1404868007768,True,61,MIDDLE,SOLO,10,0,13,254,14188,6
1447167651,1404870245049,False,4,MIDDLE,SOLO,6,8,10,310,18356,6
1447271896,1404874053692,True,4,MIDDLE,SOLO,12,2,14,249,17545,8
1447606510,1404883700194,False,238,MIDDLE,SOLO,17,6,3,300,18298,37
1448467078,1404957259990,False,238,MIDDLE,SOLO,5,4,1,164,8557,17
1448560881,1404960529595,True,4,MIDDLE,SOLO,6,2,11,235,14687,6
1448734507,1404971274598,False,13,MIDDLE,SOLO,4,4,5,156,8686,5
1449469590,1405036962699,True,4,MIDDLE,SOLO,6,8,20,312,19485,8
1449541989,1405041229107,False,105,MIDDLE,SOLO,7,4,2,212,10906,4
1449594119,1405044565793,True,105,MIDDLE,SOLO,10,3,4,219,11932,1
1449653798,1405047729603,True,4,MIDDLE,SOLO,9,0,10,213,13177,5
1449705597,1405050822829,False,81,BOTTOM,DUO_CARRY,5,5,5,151,9246,4
1449737921,1405053993790,True,61,MIDDLE,SOLO,5,5,19,220,15475,3
1450265174,1405095261118,True,4,MIDDLE,SOLO,4,4,6,210,11654,6
1444010807,1404628084995,False,4,MIDDLE,SOLO,10,8,14,224,15543,5
1444093551,1404630799820,False,238,MIDDLE,SOLO,3,5,3,211,9364,17
1444463969,1404675451038,True,28,JUNGLE,NONE,9,5,15,25,12579,10
1444904395,1404694989440,True,238,MIDDLE,SOLO,9,1,6,176,10250,21
1445052121,1404699966961,True,117,TOP,SOLO,9,6,22,177,15895,8
1445136327,1404705070790,True,238,MIDDLE,SOLO,11,4,6,285,16336,24
1445265856,1404714473606,False,61,MIDDLE,SOLO,3,9,5,199,10668,3
1445287066,1404717597245,False,4,MIDDLE,SOLO,7,7,8,161,10144,3
1445308188,1404720751582,False,4,MIDDLE,SOLO,2,7,11,242,13600,3
1445556601,1404758774294,False,157,MIDDLE,SOLO,2,5,3,139,6576,7
1445642341,1404761085943,True,105,MIDDLE,SOLO,4,4,6,230,12206,3
1445707084,1404764364792,True,238,MIDDLE,SOLO,11,6,10,428,21963,31
1445922161,1404772487122,True,4,MIDDLE,SOLO,9,3,8,168,10984,2
1445945565,1404775491428,False,126,MIDDLE,SOLO,1,8,4,199,8752,1
1446355812,1404800063554,False,4,MIDDLE,SOLO,5,6,6,236,11781,3
1441158083,1404414763880,True,238,MIDDLE,SOLO,6,3,5,289,14496,22
1441198589,1404418317010,False,267,BOTTOM,DUO_SUPPORT,0,6,6,4,6094,14
1441217864,1404420623670,True,4,MIDDLE,SOLO,8,2,6,170,11219,5
1441266394,1404424055651,True,238,MIDDLE,SOLO,11,4,0,214,12314,14
1441305412,1404427285475,True,126,MIDDLE,SOLO,4,4,6,190,10751,3
1441935768,1404457388844,True,24,TOP,SOLO,9,3,2,231,12956,2
1442382293,1404503918110,True,4,MIDDLE,SOLO,5,3,7,257,14634,8
1442852745,1404537894096,False,238,MIDDLE,SOLO,2,4,0,142,6286,10
1442867284,1404540582542,True,238,MIDDLE,SOLO,21,2,2,244,17285,30
1442919778,1404543176228,False,81,BOTTOM,DUO_CARRY,1,8,3,134,6688,3
1443368850,1404585564237,False,238,MIDDLE,SOLO,5,7,5,198,10724,21
1443762738,1404614905439,True,238,MIDDLE,SOLO,7,4,2,375,18981,23
1443786447,1404618036471,True,38,MIDDLE,SOLO,11,1,3,139,10090,3
1443845771,1404620859493,True,238,MIDDLE,SOLO,12,4,6,327,19182,35
1443941413,1404625108407,False,238,MIDDLE,SOLO,11,8,1,220,12221,22
1437698112,1404154221803,False,4,MIDDLE,SOLO,5,4,5,265,14753,7
1438411879,1404194085741,False,84,MIDDLE,SOLO,15,6,3,180,12243,5
1438534396,1404199022453,False,4,MIDDLE,SOLO,2,5,3,248,12504,4
1438927643,1404253682870,True,38,MIDDLE,SOLO,10,2,7,134,9856,5
1439438266,1404271840146,True,4,MIDDLE,SOLO,4,1,6,110,7196,3
1439474515,1404273338325,True,4,MIDDLE,SOLO,1,4,9,179,10916,6
1439526248,1404276587653,True,13,MIDDLE,SOLO,9,4,2,247,13561,6
1439564468,1404279189159,False,134,MIDDLE,SOLO,2,8,1,132,6694,3
1439600975,1404281186656,True,38,MIDDLE,SOLO,4,2,9,132,8929,3
1439588404,1404283008544,False,412,BOTTOM,DUO_SUPPORT,1,6,9,13,5844,16
1440068643,1404323431670,False,4,MIDDLE,SOLO,1,3,4,142,7978,2
1440719248,1404364301122,False,157,MIDDLE,SOLO,6,6,4,199,11162,8
1440851062,1404366757639,True,134,MIDDLE,SOLO,13,3,8,162,12488,4
1440866646,1404368810332,True,238,MIDDLE,SOLO,7,3,8,284,15184,31
1441119633,1404411029936,False,134,MIDDLE,SOLO,5,6,8,271,14995,8
1434763300,1403921768989,False,4,MIDDLE,SOLO,9,7,3,255,14539,2
1434943591,1403926092164,False,38,MIDDLE,SOLO,8,6,7,173,11843,5
1434993033,1403928842973,True,13,MIDDLE,SOLO,2,2,12,147,10129,3
1435005560,1403931676716,False,4,MIDDLE,SOLO,3,8,7,205,11834,7
1435067740,1403936564937,True,134,MIDDLE,SOLO,8,3,9,263,13845,7
1435113804,1403939670385,False,37,BOTTOM,DUO_SUPPORT,3,6,10,27,9822,20
1435425432,1403984546956,True,4,MIDDLE,SOLO,8,3,14,281,19194,8
1435913766,1404006347399,True,4,MIDDLE,SOLO,9,3,17,300,19607,9
1435938977,1404010612534,True,4,MIDDLE,SOLO,13,3,9,265,17071,4
1436010832,1404013693329,True,267,BOTTOM,DUO_SUPPORT,2,5,25,18,12014,21
1436423775,1404063842002,True,134,MIDDLE,SOLO,2,0,3,58,4245,0
1436869914,1404083784678,True,4,MIDDLE,SOLO,10,3,14,201,14595,3
1436869349,1404086981698,False,13,MIDDLE,SOLO,8,5,12,251,15060,5
1436927892,1404090185448,False,13,MIDDLE,DUO_CARRY,14,8,10,212,16620,8
1437002361,1404094463880,True,4,MIDDLE,SOLO,10,8,8,236,16094,2
1430840598,1403633263623,True,4,MIDDLE,SOLO,9,2,6,190,12629,5
1431025418,1403650822569,True,412,BOTTOM,DUO_SUPPORT,1,8,17,26,11726,29
1431074582,1403653939211,False,13,MIDDLE,SOLO,2,6,2,187,8321,4
1431594285,1403672433730,False,157,MIDDLE,SOLO,2,6,1,249,10813,3
1432386533,1403740318528,False,157,MIDDLE,SOLO,10,8,7,214,13419,13
1432419217,1403743296667,True,4,MIDDLE,SOLO,14,3,10,353,21240,8
1432621308,1403754555727,False,238,MIDDLE,SOLO,7,10,5,237,12147,31
1432647249,1403757235256,False,79,MIDDLE,SOLO,6,11,3,283,17362,4
1432687698,1403760905060,False,4,MIDDLE,SOLO,3,5,8,275,14178,6
1433230118,1403804000750,True,81,BOTTOM,DUO_CARRY,3,2,3,164,8734,3
1433219284,1403806404923,True,105,MIDDLE,DUO_CARRY,12,4,10,229,16252,9
1433549447,1403833824003,True,13,MIDDLE,SOLO,7,3,5,126,9658,10
1433824418,1403845167419,False,4,MIDDLE,SOLO,3,7,8,194,11643,6
1433888446,1403848589660,True,103,MIDDLE,SOLO,12,4,3,280,16263,4
1434288495,1403892489039,False,13,MIDDLE,SOLO,6,6,3,266,13304,8
1427519101,1403386698437,True,38,MIDDLE,SOLO,8,2,6,126,8645,6
1427529327,1403388694095,True,38,MIDDLE,SOLO,10,3,6,133,9918,4
1427567809,1403391337366,True,117,MIDDLE,SOLO,7,3,8,157,10326,4
1427596883,1403393269706,True,4,MIDDLE,SOLO,11,1,6,275,15934,8
1428554765,1403463494138,False,4,MIDDLE,SOLO,3,8,12,276,14852,7
1428936855,1403482882697,True,4,MIDDLE,SOLO,9,3,11,171,12240,1
1428967540,1403485896104,True,38,MIDDLE,SOLO,12,2,11,184,14140,4
1429169068,1403497621022,True,13,MIDDLE,SOLO,8,1,5,154,10136,3
1429216088,1403499456326,True,4,MIDDLE,SOLO,9,0,10,251,14843,3
1429261135,1403502381432,True,4,MIDDLE,SOLO,4,6,10,158,11988,4
1429909858,1403561180711,True,13,MIDDLE,SOLO,11,6,15,265,17903,6
1429928907,1403564652701,True,4,MIDDLE,SOLO,2,4,7,116,7660,4
1429947411,1403566289738,False,157,MIDDLE,SOLO,0,3,3,120,5525,2
1430000886,1403568672961,True,4,MIDDLE,SOLO,4,8,15,203,14507,8
1430065542,1403573647199,False,4,MIDDLE,DUO,0,2,1,29,2121,0
1422640103,1403029356089,True,4,MIDDLE,SOLO,13,4,11,298,18746,10
1422693796,1403033673377,True,34,MIDDLE,SOLO,2,4,11,294,16093,9
1423213939,1403065914880,True,134,MIDDLE,SOLO,9,5,8,133,9901,7
1423292562,1403068456327,True,238,MIDDLE,SOLO,10,8,5,254,15311,34
1424029972,1403118558800,False,4,MIDDLE,SOLO,4,4,4,149,8943,2
1424283101,1403140799480,True,4,MIDDLE,SOLO,9,2,12,191,13030,7
1425020249,1403198269039,True,13,MIDDLE,SOLO,3,4,3,120,7435,5
1425382312,1403211578428,False,134,MIDDLE,SOLO,5,6,7,281,14492,9
1425732320,1403235589832,True,4,JUNGLE,NONE,10,4,6,280,17902,14
1426362558,1403291244230,False,267,JUNGLE,NONE,0,2,2,5,3678,11
1426763334,1403323311615,False,13,MIDDLE,SOLO,8,5,11,167,12990,9
1426808069,1403326588632,True,4,MIDDLE,SOLO,13,3,6,315,19832,3
1426948086,1403329298316,False,157,MIDDLE,SOLO,7,7,2,214,12802,15
1427476091,1403381895183,True,4,MIDDLE,SOLO,3,1,0,213,11414,6
1427484175,1403384059953,True,4,MIDDLE,SOLO,8,3,16,231,16389,10
1415605668,1402504916979,True,157,MIDDLE,SOLO,7,2,4,154,9736,7
1415631905,1402507372080,True,102,TOP,SOLO,7,7,11,189,12774,10
1415658789,1402510881185,False,4,MIDDLE,SOLO,11,8,4,173,12231,2
1415696118,1402514328900,True,7,MIDDLE,SOLO,15,1,7,192,14363,4
1415734441,1402517522553,True,4,MIDDLE,SOLO,16,3,9,261,18944,5
1415790208,1402520861419,False,4,MIDDLE,SOLO,2,4,5,231,11992,5
1416669683,1402591142861,True,157,MIDDLE,SOLO,15,7,12,299,19026,14
1416741706,1402594935988,True,102,TOP,SOLO,5,4,18,282,17189,6
1416781154,1402599521679,False,4,MIDDLE,SOLO,2,5,3,106,6422,2
1416787222,1402602104955,False,157,MIDDLE,SOLO,5,7,9,189,11266,8
1417812603,1402680391542,False,4,MIDDLE,SOLO,4,6,5,193,10583,1
1420235751,1402856079978,False,134,MIDDLE,SOLO,2,11,6,153,8306,4
1420278992,1402860062075,True,7,MIDDLE,SOLO,9,4,15,239,15195,11
1421069864,1402898035202,False,134,MIDDLE,SOLO,10,8,9,276,15776,6
1422171837,1402984891764,True,157,MIDDLE,SOLO,10,2,11,301,17986,15
1409926429,1402104537044,True,157,MIDDLE,SOLO,9,5,10,182,11298,8
1409982048,1402106957139,True,4,MIDDLE,SOLO,8,7,13,173,12848,3
1410192292,1402120099894,False,64,JUNGLE,NONE,10,10,12,25,12421,19
1410729685,1402165053372,False,76,MIDDLE,SOLO,2,9,1,116,6907,0
1410791336,1402167754879,False,238,MIDDLE,SOLO,9,7,2,223,12599,25
1411016806,1402187378649,True,76,MIDDLE,SOLO,7,3,6,194,12339,7
1411084619,1402189527464,True,4,MIDDLE,SOLO,9,3,15,219,15507,6
1411186422,1402192376620,True,134,MIDDLE,SOLO,13,6,15,315,19623,10
1411537802,1402203708252,False,76,MIDDLE,SOLO,6,5,4,166,9323,2
1412032765,1402256694252,True,76,MIDDLE,SOLO,5,1,4,143,8274,3
1412759089,1402293731993,True,76,MIDDLE,SOLO,11,2,8,221,15356,5
1414256878,1402416611995,True,4,MIDDLE,SOLO,7,8,14,240,16284,8
1414304813,1402420625472,True,61,MIDDLE,SOLO,4,1,11,247,12810,8
1414440414,1402423316590,True,4,MIDDLE,SOLO,3,3,8,286,15374,9
1414468414,1402426956846,True,76,MIDDLE,SOLO,9,3,1,143,10180,5
1407231856,1401903851178,True,105,MIDDLE,SOLO,13,6,13,159,15084,4
1407265087,1401907635086,False,238,MIDDLE,SOLO,6,9,11,188,11699,28
1407279593,1401911654517,False,4,MIDDLE,SOLO,1,11,10,271,14645,6
1407377095,1401919922831,True,76,MIDDLE,SOLO,8,4,10,220,13963,4
1407416712,1401923290666,False,92,MIDDLE,SOLO,5,10,4,173,10327,6
1407980365,1401944901324,False,61,MIDDLE,SOLO,6,7,6,246,12583,3
1407987281,1401947163144,False,105,MIDDLE,SOLO,6,8,3,104,6701,3
1408025625,1401950712884,True,134,MIDDLE,SOLO,5,4,9,271,14710,5
1409007750,1402028191500,False,10,MIDDLE,SOLO,1,8,4,232,10652,6
1409050998,1402030751952,True,4,MIDDLE,SOLO,9,2,8,191,12853,5
1409083980,1402032840520,False,105,MIDDLE,SOLO,2,5,5,151,7543,7
1409089558,1402034948848,False,64,JUNGLE,NONE,12,8,11,71,14467,26
1409371567,1402077443569,True,4,MIDDLE,SOLO,6,4,9,264,15726,5
1409378538,1402080184635,False,105,MIDDLE,SOLO,6,7,1,148,8394,4
1409484856,1402082526933,True,4,MIDDLE,SOLO,4,3,7,223,13114,7
1396332791,1401144787950,False,117,MIDDLE,SOLO,5,9,6,168,9668,5
1396382228,1401147464628,True,236,BOTTOM,DUO_CARRY,8,4,10,249,17147,7
1396442354,1401152043918,True,134,MIDDLE,SOLO,10,10,5,229,15123,6
1398406202,1401314052243,True,7,MIDDLE,SOLO,14,8,8,176,13953,6
1398990825,1401334334041,True,105,MIDDLE,SOLO,10,5,8,138,10422,3
1399021706,1401337193833,False,105,MIDDLE,SOLO,1,3,0,58,2985,1
1399083386,1401340724338,False,134,MIDDLE,SOLO,6,6,8,280,15059,5
1401037192,1401486834218,False,7,MIDDLE,SOLO,17,7,13,237,17909,1
1404337377,1401690049211,True,105,MIDDLE,SOLO,10,2,8,130,10589,4
1404357214,1401692966234,False,105,MIDDLE,SOLO,4,2,3,168,8604,6
1405390932,1401769970653,True,7,MIDDLE,SOLO,11,4,9,171,11600,5
1405899203,1401819482637,False,105,MIDDLE,SOLO,7,7,4,169,10646,3
1406063928,1401832542058,False,238,MIDDLE,SOLO,8,7,4,254,13033,32
1407211203,1401897040046,False,4,MIDDLE,SOLO,16,5,13,280,20154,8
1407215081,1401900322288,False,7,MIDDLE,SOLO,5,10,7,149,9283,2
1385051852,1400367283828,True,105,MIDDLE,SOLO,14,12,15,220,16859,15
1385600388,1400392794359,True,134,MIDDLE,SOLO,16,4,13,242,18030,9
1385634286,1400395959747,True,4,MIDDLE,SOLO,5,8,14,198,13804,8
1385760957,1400399465578,False,117,MIDDLE,SOLO,4,12,12,179,12177,14
1385758177,1400403923852,True,38,MIDDLE,SOLO,9,1,9,98,8616,4
1385812623,1400406283399,True,105,MIDDLE,SOLO,7,4,11,222,14752,8
1386493566,1400453304259,True,4,MIDDLE,SOLO,6,4,16,175,13227,7
1386849711,1400477675633,False,236,BOTTOM,DUO_CARRY,2,8,3,189,9035,1
1388190612,1400566302125,False,105,MIDDLE,SOLO,11,14,10,144,13692,10
1390551666,1400734414318,True,4,MIDDLE,SOLO,2,8,16,182,12798,6
1390617236,1400738742314,True,105,MIDDLE,SOLO,7,8,12,218,13581,5
1392910396,1400909528654,True,105,MIDDLE,SOLO,12,0,4,179,12094,8
1392961254,1400912847411,True,7,MIDDLE,SOLO,13,4,12,202,14994,3
1393000546,1400916648001,False,4,JUNGLE,NONE,2,4,5,140,7379,5
1393725528,1400972504157,False,412,BOTTOM,DUO_SUPPORT,2,10,4,18,6152,14
1379786859,1400021387936,True,4,MIDDLE,SOLO,9,4,15,207,15518,12
1379986849,1400024959096,False,76,MIDDLE,SOLO,6,9,10,195,13329,9
1380143943,1400030311734,True,117,MIDDLE,SOLO,5,5,10,173,12613,11
1380294900,1400039836589,True,4,MIDDLE,SOLO,7,4,8,226,12890,9
1380333876,1400042677163,True,4,MIDDLE,SOLO,9,0,8,190,13742,10
1380379959,1400045066622,True,76,MIDDLE,SOLO,11,5,10,215,14770,10
1381061658,1400108928308,True,38,MIDDLE,SOLO,10,0,2,159,10339,5
1381074054,1400110929430,True,4,MIDDLE,SOLO,3,2,12,194,11063,8
1381112688,1400112999680,True,4,MIDDLE,SOLO,6,6,16,162,11756,9
1381213885,1400119402556,True,4,MIDDLE,SOLO,5,2,8,220,12898,7
1381638393,1400141074262,False,92,TOP,SOLO,9,10,2,186,11059,8
1383279504,1400277798510,False,4,MIDDLE,SOLO,3,6,3,141,8172,8
1383440277,1400280863771,False,4,MIDDLE,SOLO,5,6,10,162,10413,9
1383469455,1400283894109,True,4,MIDDLE,SOLO,9,1,8,157,10739,5
1384886520,1400364440679,False,13,JUNGLE,NONE,3,7,3,111,6555,6
1376742525,1399785852316,True,76,MIDDLE,SOLO,7,3,10,183,12762,11
1377225816,1399829899503,True,4,MIDDLE,SOLO,9,3,14,214,15016,8
1377464114,1399847047246,False,76,MIDDLE,SOLO,5,10,10,127,9780,7
1377961561,1399865132869,False,76,MIDDLE,SOLO,5,5,3,214,12966,7
1378007871,1399869772571,True,4,MIDDLE,SOLO,9,6,13,230,16273,13
1378056040,1399873081046,False,64,JUNGLE,NONE,10,5,17,75,14043,33
1378103693,1399876321001,True,236,BOTTOM,DUO_CARRY,10,5,7,177,12328,5
1378825254,1399942991839,True,4,MIDDLE,SOLO,10,5,8,156,11604,4
1378871782,1399945419314,True,4,MIDDLE,SOLO,6,3,13,216,15094,13
1378903707,1399947696142,True,4,MIDDLE,SOLO,10,4,14,208,15381,10
1379240230,1399954222417,False,134,MIDDLE,SOLO,7,10,7,222,13681,11
1379313466,1399957644492,True,38,MIDDLE,SOLO,7,3,3,154,9102,7
1379355631,1399960583251,True,4,MIDDLE,SOLO,7,5,15,227,15314,8
1379374546,1399963893817,False,38,MIDDLE,SOLO,8,4,4,149,9888,6
1379406345,1399966694134,False,58,TOP,SOLO,1,6,6,234,10034,6
1375331446,1399691471403,True,134,MIDDLE,SOLO,5,4,8,147,9031,8
1375359894,1399693404611,True,105,MIDDLE,SOLO,17,5,5,238,17291,8
1375420954,1399696548899,False,105,MIDDLE,SOLO,11,7,5,222,12908,7
1375471169,1399698993482,False,38,MIDDLE,SOLO,3,10,8,141,9163,11
1375469078,1399701333600,False,134,MIDDLE,SOLO,1,4,2,182,8018,9
1375592259,1399710618058,True,117,MIDDLE,SOLO,8,13,16,184,14278,7
1375587306,1399713647787,True,92,MIDDLE,SOLO,9,7,5,190,13810,5
1375988971,1399748681295,True,4,MIDDLE,SOLO,6,2,15,206,13596,15
1376116337,1399751061092,False,4,MIDDLE,SOLO,3,5,5,187,10269,9
1376226444,1399759441883,True,4,MIDDLE,SOLO,11,8,14,248,18842,10
1376271440,1399762331591,False,61,MIDDLE,SOLO,8,8,15,275,18036,11
1376371276,1399766718781,True,134,MIDDLE,SOLO,4,4,4,168,9256,9
1376388209,1399769544278,True,412,BOTTOM,DUO_SUPPORT,0,4,23,28,9998,19
1376443496,1399772673091,True,105,MIDDLE,SOLO,16,4,4,192,14907,9
1376640190,1399783363848,True,4,MIDDLE,SOLO,6,5,7,187,11739,9
1372970018,1399503246259,False,4,MIDDLE,SOLO,1,6,3,168,9155,7
1372996038,1399505269930,True,76,MIDDLE,SOLO,5,3,16,162,13782,10
1373282136,1399524230546,False,38,MIDDLE,SOLO,6,9,11,193,12624,7
1373315775,1399527390083,True,92,MIDDLE,DUO_CARRY,12,8,7,217,15063,5
1373325440,1399529832362,False,4,MIDDLE,SOLO,5,6,9,209,12331,9
1373348910,1399532162497,False,4,MIDDLE,SOLO,20,9,13,237,19705,10
1373870731,1399587744246,False,7,MIDDLE,SOLO,2,3,3,144,7270,5
1373887270,1399590114924,True,38,MIDDLE,SOLO,14,7,6,104,10788,7
1373906034,1399591967439,True,105,MIDDLE,SOLO,14,2,3,162,11896,6
1373934574,1399593837592,True,7,MIDDLE,SOLO,8,2,8,204,12753,8
1373986827,1399598048590,True,38,MIDDLE,SOLO,16,3,1,152,11530,4
1374007814,1399600294228,True,38,MIDDLE,SOLO,19,1,6,175,13727,8
1374195170,1399612693806,False,157,MIDDLE,SOLO,4,6,3,223,10376,17
1374230569,1399614808901,False,134,MIDDLE,SOLO,2,5,5,124,6059,4
1374218213,1399616471025,True,4,MIDDLE,SOLO,3,4,15,227,15495,14
1370734331,1399330600391,True,4,MIDDLE,SOLO,8,4,15,173,12971,8
1370756593,1399332542147,False,105,MIDDLE,SOLO,3,2,1,99,5125,3
1370801966,1399334068340,True,4,MIDDLE,SOLO,8,2,3,162,10528,5
1370830336,1399335858811,True,76,MIDDLE,SOLO,10,1,6,180,12017,8
1370881583,1399338477001,False,76,MIDDLE,SOLO,4,5,2,187,10440,11
1370919282,1399341096844,True,4,MIDDLE,SOLO,6,1,4,178,10239,6
1370975429,1399342949076,False,4,MIDDLE,SOLO,4,4,4,263,14118,9
1371313230,1399351344611,True,4,MIDDLE,SOLO,7,1,12,212,13986,6
1371364959,1399356442498,False,92,MIDDLE,SOLO,12,6,5,214,13714,8
1371889033,1399423101352,True,4,MIDDLE,SOLO,3,3,9,186,10154,9
1371957282,1399424949526,True,4,MIDDLE,SOLO,8,6,12,183,13281,9
1372136242,1399427616764,True,117,MIDDLE,SOLO,5,2,6,159,9211,6
1372285329,1399438177150,True,4,MIDDLE,SOLO,7,3,16,176,13241,11
1372308907,1399440583922,True,76,MIDDLE,SOLO,9,2,9,145,9935,9
1372355282,1399443284079,False,4,MIDDLE,SOLO,1,6,3,150,7221,6
1366420336,1399004964738,True,4,MIDDLE,DUO_CARRY,10,5,12,212,14988,8
1366406600,1399006994187,False,105,MIDDLE,DUO_CARRY,9,6,4,252,14289,10
1367511802,1399094836394,False,64,TOP,SOLO,6,5,4,213,11172,8
1368019365,1399137608240,True,61,MIDDLE,SOLO,5,0,6,180,10366,5
1368047404,1399139559285,True,38,MIDDLE,SOLO,4,1,6,187,10331,8
1368101483,1399142116367,True,236,BOTTOM,DUO_CARRY,12,0,1,155,10086,4
1369351334,1399229408929,True,105,MIDDLE,SOLO,6,5,2,192,10417,6
1369453624,1399232478481,True,4,MIDDLE,SOLO,10,2,8,165,11721,7
1369546391,1399235027761,False,7,MIDDLE,SOLO,15,9,5,222,15814,12
1369906546,1399254837589,True,4,MIDDLE,SOLO,16,10,4,288,19354,9
1369976383,1399257896095,True,126,MIDDLE,SOLO,2,5,8,208,11818,8
1370015204,1399260258300,False,69,MIDDLE,SOLO,7,7,2,282,15734,5
1370075255,1399263288568,False,64,JUNGLE,NONE,3,6,2,21,5624,5
1370176226,1399272903810,True,7,TOP,SOLO,9,7,8,170,11713,6
1370709999,1399327484153,False,58,TOP,SOLO,5,7,1,234,11237,6
1365388729,1398917124214,True,38,MIDDLE,SOLO,12,2,10,181,12489,9
1365425458,1398919299789,False,105,MIDDLE,SOLO,16,6,6,218,16810,10
1365472040,1398922258447,True,4,MIDDLE,SOLO,7,0,4,130,9050,5
1365491084,1398923955126,False,7,MIDDLE,SOLO,7,7,7,179,11334,4
1366109138,1398989177047,False,157,MIDDLE,SOLO,4,8,13,308,15754,17
1366214709,1398992282387,True,38,MIDDLE,SOLO,9,4,8,177,13281,7
1366264428,1398995063277,False,4,MIDDLE,SOLO,0,4,1,67,3264,0
1366352684,1399000235731,True,38,MIDDLE,SOLO,17,3,5,192,14286,7
1366390494,1399002268874,True,24,TOP,SOLO,10,2,9,225,14648,9
